,$c^{1}$,$c^{2}$,$y^{1}$,$y^{2}$,$t$,ExpValue,$j^{1}_{AA}$,$j^{2}_{AA}$,$j^{1}_{LE}$,$j^{2}_{LE}$,$j^{1}_{IH}$,$j^{2}_{IH}$
256,0,0,0,0,3,0.0,0,0,0,0,[0 0],[0 0 0]
257,0,0,0,0,4,0.0,0,0,0,0,[0 0],[0 0 0]
179,0,1,0,1,3,1151.5,0,0,0,0,[0 1],[0 0 0]
65,1,1,0,0,10,0.0,0,0,0,0,[0 0],0
184,0,1,0,1,8,0.0,0,0,0,0,[0 0],0
63,1,1,0,0,8,0.0,0,0,0,0,[0 0],0
154,0,1,1,0,0,0.0,0,0,0,0,0,0
155,0,1,1,0,1,30.0,1,0,0,0,[0 0],[0 0 0]
156,0,1,1,0,2,51.0,1,0,0,0,[0 0],[0 0 0]
157,0,1,1,0,3,65.703125,1,0,0,0,[0 0],[0 0 0]
158,0,1,1,0,4,76.0,1,0,0,0,[0 0],[0 0 0]
159,0,1,1,0,5,83.19921875,1,0,0,0,[0 0],[0 0 0]
160,0,1,1,0,6,113.19921875,0,0,1,0,[0 0],0
161,0,1,1,0,7,0.0,0,0,0,0,[0 0],0
162,0,1,1,0,8,30.0,0,0,1,0,[0 0],0
163,0,1,1,0,9,51.0,0,0,1,0,[0 0],0
183,0,1,0,1,7,0.0,0,0,0,0,[0 0],0
64,1,1,0,0,9,0.0,0,0,0,0,[0 0],0
114,1,0,0,1,4,76.0,0,0,1,0,[0 0],[0 0 0]
176,0,1,0,1,0,0.0,0,0,0,0,0,0
177,0,1,0,1,1,60.0,1,0,1,0,[0 0],[0 0 0]
178,0,1,0,1,2,543.0,1,0,1,0,[0 1],[0 0 0]
253,0,0,0,0,0,0.0,0,0,0,0,0,0
180,0,1,0,1,4,1796.0,0,0,0,0,[0 1],[0 0 0]
181,0,1,0,1,5,2400.0,0,0,0,0,[0 1],[0 0 0]
182,0,1,0,1,6,0.0,0,0,0,0,[0 0],0
55,1,1,0,0,0,0.0,0,0,0,0,0,0
56,1,1,0,0,1,30.0,1,0,0,0,[0 0],[0 0 0]
57,1,1,0,0,2,51.0,1,0,0,0,[0 0],[0 0 0]
58,1,1,0,0,3,65.703125,1,0,0,0,[0 0],[0 0 0]
59,1,1,0,0,4,76.0,1,0,0,0,[0 0],[0 0 0]
188,0,1,0,0,1,30.0,1,0,0,0,[0 0],[0 0 0]
189,0,1,0,0,2,51.0,1,0,0,0,[0 0],[0 0 0]
190,0,1,0,0,3,65.703125,1,0,0,0,[0 0],[0 0 0]
191,0,1,0,0,4,76.0,1,0,0,0,[0 0],[0 0 0]
192,0,1,0,0,5,83.19921875,1,0,0,0,[0 0],[0 0 0]
193,0,1,0,0,6,0.0,0,0,0,0,[0 0],0
194,0,1,0,0,7,0.0,0,0,0,0,[0 0],0
195,0,1,0,0,8,0.0,0,0,0,0,[0 0],0
196,0,1,0,0,9,0.0,0,0,0,0,[0 0],0
62,1,1,0,0,7,1285.69921875,0,0,0,0,[0 1],0
209,0,0,1,1,0,0.0,0,0,0,0,0,0
210,0,0,1,1,1,30.0,0,0,1,0,[0 0],[0 0 0]
211,0,0,1,1,2,51.0,0,0,1,0,[0 0],[0 0 0]
212,0,0,1,1,3,65.703125,0,0,1,0,[0 0],[0 0 0]
213,0,0,1,1,4,76.0,0,0,1,0,[0 0],[0 0 0]
185,0,1,0,1,9,0.0,0,0,0,0,[0 0],0
220,0,0,1,0,0,0.0,0,0,0,0,0,0
221,0,0,1,0,1,0.0,0,0,0,0,[0 0],[0 0 0]
222,0,0,1,0,2,0.0,0,0,0,0,[0 0],[0 0 0]
223,0,0,1,0,3,0.0,0,0,0,0,[0 0],[0 0 0]
224,0,0,1,0,4,0.0,0,0,0,0,[0 0],[0 0 0]
61,1,1,0,0,6,808.19921875,1,0,0,0,[0 1],0
187,0,1,0,0,0,0.0,0,0,0,0,0,0
231,0,0,0,2,0,0.0,0,0,0,0,0,0
232,0,0,0,2,1,1530.0,0,0,1,1,[0 0],[0 0 0]
60,1,1,0,0,5,83.19921875,1,0,0,0,[0 0],[0 0 0]
234,0,0,0,2,3,3299.5,0,0,0,1,[0 0],[0 0 0]
235,0,0,0,2,4,3809.5,0,0,0,1,[0 0],[0 0 0]
110,1,0,0,1,0,0.0,0,0,0,0,0,0
111,1,0,0,1,1,30.0,0,0,1,0,[0 0],[0 0 0]
112,1,0,0,1,2,51.0,0,0,1,0,[0 0],[0 0 0]
113,1,0,0,1,3,65.703125,0,0,1,0,[0 0],[0 0 0]
242,0,0,0,1,0,0.0,0,0,0,0,0,0
243,0,0,0,1,1,30.0,0,0,1,0,[0 0],[0 0 0]
244,0,0,0,1,2,51.0,0,0,1,0,[0 0],[0 0 0]
245,0,0,0,1,3,65.703125,0,0,1,0,[0 0],[0 0 0]
246,0,0,0,1,4,76.0,0,0,1,0,[0 0],[0 0 0]
233,0,0,0,2,2,2571.0,0,0,0,1,[0 0],[0 0 0]
121,1,0,0,0,0,0.0,0,0,0,0,0,0
122,1,0,0,0,1,0.0,0,0,0,0,[0 0],[0 0 0]
123,1,0,0,0,2,0.0,0,0,0,0,[0 0],[0 0 0]
124,1,0,0,0,3,0.0,0,0,0,0,[0 0],[0 0 0]
125,1,0,0,0,4,0.0,0,0,0,0,[0 0],[0 0 0]
254,0,0,0,0,1,0.0,0,0,0,0,[0 0],[0 0 0]
